04122-000-000,3800  HWY 98    MEXICO BEACH 32410,"['20MB-RR0066', '20MB-CB0009', '19MB-DEM0116', '16-3226', '9802023', '9402859']"
04123-006-000,4200  HWY 98   4 MEXICO BEACH 32410,['19MB-RB0611']
04123-009-000,4202  HWY 98   2 MEXICO BEACH 32410,"['19MB-RR0198', '73080690']"
04123-009-010,4202  HWY 98   1 MEXICO BEACH 32410,['18MB-RR0196']
04123-009-030,4202  HWY 98   3 MEXICO BEACH 32410,"['19MB-RB0006', '18MB-RR0197']"
04124-000-000,4000  HWY 98    MEXICO BEACH 32410,"['19MB-CB0034', '18-0006', '18-3846', '17-3408', '15-2738', '93-6563']"
04185-774-000,101  PARKER PKWY   MEXICO BEACH 32410,['19MB-CR0026']
04185-800-000,1120  15TH ST   MEXICO BEACH 32410,"['19MB-CB0025', '19MB-CB0026', '19MB-CB0022', '19MB-CR0023', '19MB-CR0004']"
04185-800-002,1120  15TH ST  1-B MEXICO BEACH 32410,['19MB-CR0024']
04185-800-011,1120  15TH ST  2-A MEXICO BEACH 32410,"['19MB-CB0024', '19MB-CR0025']"
04185-800-020,1120  15TH ST  2-J MEXICO BEACH 32410,['19MB-RB0246']
04188-000-000,414  5TH ST   MEXICO BEACH 32410,"['16-3266', '13-2359', '9704568']"
04188-020-000,412  5TH ST   MEXICO BEACH 32410,"['19MB-RB0471', '17-3709', '17-3466', '9705854', '9705588']"
04188-030-000,410  5TH ST   MEXICO BEACH 32410,"['19MB-RR0328', 'B1840', 'B763', 'B644']"
04188-040-000,503  CATHEY LN   MEXICO BEACH 32410,"['926550', '9501759', '9505314']"
04188-050-000,505  CATHEY LN   MEXICO BEACH 32410,['0847-05']
04188-080-000,511  CATHEY LN   MEXICO BEACH 32410,"['B06-1513', '11030', 'B2373', '9403768']"
04188-090-000,508  CATHEY LN   MEXICO BEACH 32410,"['19MB-RR0144', '17-3358', '16-3332', '16-3326', '9403112']"
04224-010-000,202  HWY 98    MEXICO BEACH 32410,"['19MB-RB0333', 'RF650', 'B2485']"
04225-000-000,204  HWY 98    MEXICO BEACH 32410,"['20MB-RR0043', '1319', '9404757', '926994']"
04226-000-000,206  HWY 98    MEXICO BEACH 32410,"['20MB-RB0151', '20MB-RR0029', '9501306']"
04228-000-000,210  HWY 98    MEXICO BEACH 32410,"['19MB-RB0102', '10129935', 'B1375']"
04229-000-000,212  HWY 98    MEXICO BEACH 32410,"['20MB-RB0194', '19MB-RR0368', '19MB-RB0302', '12111193', '751027', '9309955']"
04230-005-000,217  HWY 98    MEXICO BEACH 32410,"['19MB-RR0392', '19MB-RB0357', '12090767', '0217', '6443', '929879']"
04232-000-000,218  HWY 98    MEXICO BEACH 32410,"['19MB-RR0303', '21890788', '0434', '918773']"
04233-000-000,112  3RD ST   MEXICO BEACH 32410,"['19MB-RB0565', '18MB-RB0073', 'RF-1007', '92635']"
04234-000-000,114  3RD ST   MEXICO BEACH 32410,"['20MB-RB0146', '19-0280', '2209956', '0505605', 'B1781']"
04235-000-000,116  3RD ST   MEXICO BEACH 32410,"['18-3865', 'B1497', 'B1857']"
04237-000-000,209  FORTNER AVE   MEXICO BEACH 32410,"['20MB-RB0211', '19MB-SID0034', '19MB-RR0132', '15-2759', '13-2292']"
04241-000-000,120  3RD ST   MEXICO BEACH 32410,"['19MB-RR0390', '19MB-RB0214', '760170', '9812818', '925509']"
04241-010-000,222  FLORIDA AVE   MEXICO BEACH 32410,"['19MB-RR0053', '11239952']"
04241-020-000,122  3RD ST   MEXICO BEACH 32410,"['19MB-RR0324', '19MB-RB0134', 'RF442', 'B629']"
04242-000-000,210  FORTNER AVE   MEXICO BEACH 32410,"['19MB-RR0234', '19MB-RB0171', '13-2274']"
04242-005-000,207  FLORIDA AVE   MEXICO BEACH 32410,"['19MB-RB0176', '19MB-RR0176', '19MB-RR0178', '19MB-RR0179', '14112000']"
04244-010-000,100  3RD ST   MEXICO BEACH 32410,"['19MB-RB0602', '19MB-RB0277', '19MB-RR0090', '18MB-RR0235', '18MB-RR0065', '15-2816', 'B-2111', 'B1033', '9707635']"
04246-010-000,304  HWY 98    MEXICO BEACH 32410,"['20MB-RB0033', '19MB-RR0088', '18MB-DEM0045', '9405570']"
04247-000-000,308  HWY 98    MEXICO BEACH 32410,"['20MB-RB0176', '22101126', '2510975']"
04248-000-000,310  HWY 98    MEXICO BEACH 32410,"['19MB-RB0360', '19MB-RR0389', '13-2455', 'B698', '9310794']"
04249-000-000,312  HWY 98    MEXICO BEACH 32410,"['19MB-RR0414', '14-2664', '12-2235', '42380634', '9612859']"
04250-000-000,314  HWY 98    MEXICO BEACH 32410,"['19MB-RB0386', '13-2288', '12-2175', '12-2148', 'RF-1471', 'B-1557']"
04252-000-000,318  HWY 98    MEXICO BEACH 32410,"['19MB-RR0216', '71180676', '188-0583', '12207-57', '11265', '9612001', '9401226', '9211789']"
04257-000-000,311  FORTNER AVE   MEXICO BEACH 32410,"['93-4721', '93-972', '3660802']"
04260-010-000,113  3RD ST   MEXICO BEACH 32410,"['20MB-RB0170', '19MB-RB0144', '04-106', '120456', '924237', '91-7513']"
04261-000-000,111  3RD ST   MEXICO BEACH 32410,"['19MB-RR0341', '19MB-RB0054', '82490911', '10147']"
04262-000-000,120  4TH ST   MEXICO BEACH 32410,"['14-2566', '14-2476']"
04264-000-000,124  4TH ST   MEXICO BEACH 32410,"['13-2384', '403004', '931552']"
04265-000-000,312  FORTNER AVE   MEXICO BEACH 32410,"['20MB-RB0035', '19MB-RB0408', '19MB-SID0021', '19MB-RR0087', 'B303']"
04266-000-000,308  FORTNER AVE   MEXICO BEACH 32410,"['19MB-RB0356', '19MB-RR0211', '19MB-RR0103', 'RF0667', 'B519', '9601105']"
04267-000-000,306  FORTNER AVE   MEXICO BEACH 32410,"['20MB-RR045', '13-2363', '9501633']"
04268-000-000,304  FORTNER AVE   MEXICO BEACH 32410,['91-4628']
04271-019-000,402  HWY 98    MEXICO BEACH 32410,"['19MB-RR0399', '19MB-SID0038', '19MB-RB0150', '14-2524', '22111184', 'RF100']"
04272-010-000,404  HWY 98    MEXICO BEACH 32410,"['18-0182', 'B-2839']"
04273-010-000,406  HWY 98    MEXICO BEACH 32410,"['20380738', '90380710', '9513545']"
04279-000-000,112  5TH ST   MEXICO BEACH 32410,"['20MB-RB0282', '19MB-RB0534', '19MB-RB0422', '19-0295', '9802652', '3660825']"
04280-010-000,114  5TH ST   MEXICO BEACH 32410,"['19MB-RB0407', '19MB-RR0317', '19MB-RR0067', '9504845']"
04281-000-000,116  5TH ST   MEXICO BEACH 32410,['19MB-RR0064']
04282-005-000,409  FORTNER AVE   MEXICO BEACH 32410,"['14-2474', '13-2450']"
04283-000-000,115  4TH ST   MEXICO BEACH 32410,"['19PC-CR0640', '19MB-CR0027', '19MB-RB0344', '05-16', '9500344']"
04284-010-000,122  5TH ST   MEXICO BEACH 32410,"['0503205', 'RF00291', '92989']"
04285-000-000,124  5TH ST   MEXICO BEACH 32410,"['19MB-RR0357', '19MB-RB0415', '18-3750', '17-3472', '9504363', '925933']"
04286-000-000,412  FORTNER AVE   MEXICO BEACH 32410,"['B1744', '4103', '9403297']"
04287-005-000,408  FORTNER AVE   MEXICO BEACH 32410,"['20MB-RB0025', '19-0332', '19MB-RR0159', 'B1340']"
04288-000-000,123  4TH ST   MEXICO BEACH 32410,"['050405', 'B-2146', 'RF200127', '9801032', '93-5510', '92-5089', '91-5834']"
04288-001-000,121  4TH ST   MEXICO BEACH 32410,['18MB-RB0060']
04290-000-000,500  HWY 98    MEXICO BEACH 32410,"['18MB-RR0238', '18-0020', '18-3747']"
04291-000-000,502  HWY 98    MEXICO BEACH 32410,"['19MB-RR0131', '15-2750', '14-2724', '14-2573', '13-2310']"
04294-000-000,508  HWY 98    MEXICO BEACH 32410,"['19MB-RB0125', '15-2852', '23101026', 'B0332', 'B602', '9700836', '9309580']"
04298-000-000,518  HWY 98    MEXICO BEACH 32410,"['16-3242', '8576', '9803632', '9510876']"
04299-000-000,112  6TH ST   MEXICO BEACH 32410,"['19MB-RR0326', '12-2210', '82560301']"
04300-000-000,114  6TH ST   MEXICO BEACH 32410,"['15-2888', '922930']"
04301-000-000,511  FORTNER AVE   MEXICO BEACH 32410,"['20MB-RB0143', '20MB-RB0076', '20MB-RR0025', '13-2369', '12290770', '924138']"
04301-001-000,510  FORTNER AVE   MEXICO BEACH 32410,"['19MB-RB0396', '19MB-RR0319', '18-3848', '93080719', '71780679']"
04305-000-000,111  5TH ST   MEXICO BEACH 32410,"['18-0067', '18-3834', '17-3731', '17-3671']"
04307-000-000,512  FORTNER AVE   MEXICO BEACH 32410,"['20MB-RR0039', '9503261']"
04308-000-000,122  6TH ST   MEXICO BEACH 32410,"['15-2939', '15-2940', '15-2938', '9705505']"
04309-000-000,124  6TH ST   MEXICO BEACH 32410,"['20MB-RR0031', 'B104', 'B1233', '9602976', '9602976', '9602976', '21911']"
04311-000-000,508  FORTNER AVE   MEXICO BEACH 32410,"['18-3994', '99-01911', '926322', '926323']"
04312-020-000,123  5TH ST   MEXICO BEACH 32410,"['RF1390', '9608232', '9507299']"
04312-030-000,121  5TH ST   MEXICO BEACH 32410,"['15101023', '9806017']"
04314-000-000,600  HWY 98    MEXICO BEACH 32410,"['19MB-RB0375', '18-0106', 'RF-1914']"
04314-010-000,602  HWY 98    MEXICO BEACH 32410,"['18MB-RB0069', '17-3538', '17-3468', '17-3381', '16-3259']"
04315-000-000,604  HWY 98    MEXICO BEACH 32410,"['19-0282', '18MB-RB0080', '16-3097', '13-2378', '9507436']"
04316-000-000,606  HWY 98    MEXICO BEACH 32410,"['19MB-DEM0240', '13-2386', 'B664', 'B311', '9211832', '9211955']"
04319-000-000,614  HWY 98 AVE   MEXICO BEACH 32456,"['18-0033', '17-3524', '16-3162', '14-2700']"
04325-000-000,613  FORTNER AVE   MEXICO BEACH 32410,"['19MB-RB0397', '19MB-RR0085', '0505105', '9807404']"
04326-000-000,612  OLEANDER AVE   MEXICO BEACH 32410,"['18-0077', '21669']"
04327-000-000,609  FORTNER AVE   MEXICO BEACH 32410,['11480731']
04327-010-000,607  FORTNER AVE   MEXICO BEACH 32410,"['19MB-RR0327', '19MB-RB0341', '14-2642', '13-2246', '3068']"
04328-000-000,115  6TH ST   MEXICO BEACH 32410,"['18MB-DEM0043', '18MB-RB0079', '18MB-RR0189', '9600263']"
04329-000-000,113  6TH ST   MEXICO BEACH 32410,"['20MB-RB0149', '19MB-RR0203', '12-2085', 'B1327', '9401068']"
04331-000-000,604  FORTNER AVE   MEXICO BEACH 32410,"['19MB-RR0231', '18MB-RR0145', '18-0081', '10610971', '9603834', '9603834']"
04331-010-000,614  FORTNER AVE   MEXICO BEACH 32410,"['RF885', 'B0130']"
04332-000-000,121  6TH ST   MEXICO BEACH 32410,"['17-3451', '10169937', '238-0587', '9502013']"
04334-000-000,610  FORTNER AVE   MEXICO BEACH 32410,"['14-0113', '60290861', 'RF-1226', '9504975', '93-4419', '9211134', '926739']"
04335-000-000,608  FORTNER AVE   MEXICO BEACH 32410,['19MB-CR0030']
04336-000-000,700  HWY 98    MEXICO BEACH 32410,"['19-0281', '19MB-RB0226', '0133']"
04338-010-000,708  HWY 98    MEXICO BEACH 32410,"['19MB-CB0006', '19MB-CR0013', '9506749', '922552']"
04338-012-000,710  HWY 98    MEXICO BEACH 32410,"['19MB-CR0002', '18-0005', '9309805']"
04340-010-000,717  FORTNER AVE   MEXICO BEACH 32410,"['15-2886', '15-2831', '15-2782']"
04346-000-000,705  FORTNER AVE   MEXICO BEACH 32410,"['19MB-RB0263', '19MB-RR0073', '7-0499']"
04346-010-000,706  OLEANDER AVE   MEXICO BEACH 32410,"['19MB-RB0610', '19MB-RR0404', '19MB-RR0158', 'B544']"
04348-000-000,111  7TH ST   MEXICO BEACH 32410,"['20MB-RB0047', '04-110', '9612515', '9510658']"
04348-010-000,115  7TH ST   MEXICO BEACH 32410,"['19MB-RB0061', '14-2601', 'RF-1881', '9707319']"
04349-020-000,717  FLORIDA AVE   MEXICO BEACH 32410,"['19MB-RB0071', '19MB-RR0089', '14-2605', '9500265']"
04350-000-000,712  FORTNER AVE   MEXICO BEACH 32410,"['20MB-RR0058', '15-2781', 'B0348', '93-4953']"
04351-000-000,719  FORTNER AVE   MEXICO BEACH 32410,"['18MB-RR0137', '14-2581']"
04352-015-000,704  FORTNER AVE   MEXICO BEACH 32410,"['18MB-RR0144', 'MH-0299']"
04352-020-000,708  FLORIDA AVE   MEXICO BEACH 32410,"['19MB-SID0018', '19MB-RR0220', '31111171', '3451']"
04353-000-000,704  HWY 98    MEXICO BEACH 32410,"['19MB-CB0004', '16-3123']"
04353-001-000,704  HWY 98   1 MEXICO BEACH 32410,['18-0086']
04353-002-000,704  HWY 98   2 MEXICO BEACH 32410,['18-0087']
04353-003-000,704  HWY 98   3 MEXICO BEACH 32410,['18-0088']
04353-004-000,704  HWY 98   4 MEXICO BEACH 32410,['18-0089']
04353-005-000,704  HWY 98   5 MEXICO BEACH 32410,['Q8-0090']
04353-006-000,704  HWY 98   6 MEXICO BEACH 32410,['18-0091']
04353-007-000,704  HWY 98   7 MEXICO BEACH 32410,['18-0092']
04353-008-000,704  HWY 98   8 MEXICO BEACH 32410,"['19MB-RB0444', '18-0093']"
04353-009-000,704  HWY 98   9 MEXICO BEACH 32410,['18-0094']
04362-000-000,103  16TH ST   MEXICO BEACH 32410,"['20MB-RB0023', '20MB-RB0024', '19MB-RB0472', '19MB-RR0351', '16-3091', '13-2405', 'B-1577', '3073', '9103103']"
04363-000-000,105  16TH ST N  MEXICO BEACH 32410,"['17-3546', '2734']"
04365-000-000,109  16TH ST   MEXICO BEACH 32410,"['19MB-RB0370', '19MB-RB0529', '12-2087']"
04366-000-000,111  16TH ST   MEXICO BEACH 32410,"['18MB-RB0087', '18MB-RR0231']"
04367-000-000,113  16TH ST   MEXICO BEACH 32410,"['20MB-RB0260', '19MB-RB0520', '19MB-RB0464', '19MB-RR0338', '19MB-RR0339', '19MB-RR0340', 'B2004', '9513901', '9404922']"
04377-000-000,109  15TH ST   MEXICO BEACH 32410,"['19MB-RB0184', '19MB-RR0223', 'RF-1668', 'B01260']"
04377-010-000,111  15TH ST   MEXICO BEACH 32410,"['19-0322', '15-2760', '14-2595', '9607646']"
04378-000-000,115  15TH ST N  MEXICO BEACH 32410,"['19MB-RB0008', '19MB-RR0020', '60290860', '52180649', 'RF318', '918453']"
04379-010-000,114  16TH ST   MEXICO BEACH 32456,"['19MB-RR0345', '16-3185', '14-2646', '14-2563', '99-01368', '924994', '924350', '912993']"
04381-010-000,119  15TH ST   MEXICO BEACH 32410,"['17-3653', '2560151']"
04390-000-000,109  14TH ST   MEXICO BEACH 32410,"['19MB-RB0230', '18-3885', '17-3629']"
04409-010-000,901  HWY 98   A MEXICO BEACH 32410,"['19MB-RB0630', '19MB-RB0593', '19MB-RB0441', '19MB-RB0436', '19MB-RB0437', '81480700', 'RF569', 'B500']"
04409-020-000,901  HWY 98   D MEXICO BEACH 32410,"['20MB-RB0203', 'B621']"
04409-030-000,901  HWY 98   B MEXICO BEACH 32410,"['20MB-RB0290', '19MB-RR0321', '19MB-SID0007']"
04409-040-000,901  HWY 98   C MEXICO BEACH 32410,['20MB-RB0002']
04409-050-000,901  HWY 98   E MEXICO BEACH 32410,"['19MB-RB0465', '19MB-CR0007', '16-3088']"
36075-010-000,23030  PANAMA CITY BEACH PKWY   PANAMA CITY BEACH 32413,"['CB20-00161', '17-0135', '14-0019', '13-0202', '13-0181', '11-0035', 'B07-1521']"
36076-000-000,22807  FRONT BEACH RD   PANAMA CITY BEACH 32413,"['13-0547', '3755', '3756']"
36076-010-000,22813  FRONT BEACH RD   PANAMA CITY BEACH 32413,['11-0877']
36076-010-010,22811  FRONT BEACH RD   PANAMA CITY BEACH 32413,"['11-0850', 'SP036']"
36076-021-010,23100  FRONT BEACH RD   PANAMA CITY BEACH 32413,['1969']
36076-022-020,22913  PANAMA CITY BEACH PKWY   PANAMA CITY BEACH 32413,['11-0532']
36076-022-030,22917  PANAMA CITY BEACH PKWY   PANAMA CITY BEACH 32413,['13-0269']
36076-023-000,23200  FRONT BEACH RD   PANAMA CITY BEACH 32413,"['08-0372', '401439', '1740', '9311531']"
36076-026-000,22901  PC BCH PKWY   PANAMA CITY BEACH 32413,"['13-0022', '12-0064', '09-0173', '09-0033']"
36076-026-010,22909  PC BCH PKWY   PANAMA CITY BEACH 32413,"['15-1225', '15-0079']"
36077-000-000,22803  FRONT BEACH RD  2 PANAMA CITY BEACH 32413,"['15-0555', '13-1354', 'RF409', '9600731']"
36077-010-000,22805  FRONT BEACH RD  3 PANAMA CITY BEACH 32413,['RF1430']
36077-020-000,22801  FRONT BEACH RD  1 PANAMA CITY BEACH 32413,"['DIS19-11394', '500670', 'RF802', '9600732']"
36078-001-000,23001  FRONT BEACH RD  101 PANAMA CITY BEACH 32413,"['11-0605', '9809548', '9604267', '9412191']"
36081-000-007,105  CARILLON MARKET ST  301 PANAMA CITY BEACH 32413,['0402505']
36081-000-015,100  CARILLON MARKET ST  201 PANAMA CITY BEACH 32413,['DIS19-12252']
35357-000-000,21901  PC BCH PKWY   PANAMA CITY BEACH 32413,"['13-0191', 'B06-2309', 'B06-2380']"
35357-002-000,100  SUN LN   PANAMA CITY BEACH 32413,['16-0490']
35357-003-000,102  SUN LN   PANAMA CITY BEACH 32413,['9504309']
35357-004-000,104  SUN LN   PANAMA CITY BEACH 32413,['9612258']
35357-005-000,22050  PC BCH PKWY   PANAMA CITY BEACH 32413,['16-0013']
35357-026-000,21929  PC BCH PKWY   PANAMA CITY BEACH 32413,['CB18-0150']
35357-030-000,21903  LAKEVIEW DR   PANAMA CITY BEACH 32413,"['B723', 'MH100']"
35357-035-000,21913  LAKEVIEW DR   PANAMA CITY BEACH 32413,['401742']
35357-045-000,21921  LAKEVIEW DR   PANAMA CITY BEACH 32413,"['08-0267', '3043']"
35357-055-000,22001  LAKEVIEW DR   PANAMA CITY BEACH 32413,['9507039']
35357-060-000,22009  LAKEVIEW DR   PANAMA CITY BEACH 32413,['17-0892']
35357-065-000,22011  LAKEVIEW DR   PANAMA CITY BEACH 32413,['15-0243']
35357-070-000,22017  LAKEVIEW DR   PANAMA CITY BEACH 32413,['9501115']
35357-080-000,22027  LAKEVIEW DR   PANAMA CITY BEACH 32413,['13-0981']
35357-085-000,22103  LAKEVIEW DR   PANAMA CITY BEACH 32413,['18-0744']
35357-100-000,22119  LAKEVIEW DR   PANAMA CITY BEACH 32413,"['91-6478', '9513660']"
35357-105-000,22121  LAKEVIEW DR   PANAMA CITY BEACH 32413,['9713900']
35357-110-000,612  GAINOUS RD   PANAMA CITY BEACH 32413,"['15-0215', '9210192']"
35357-275-000,600  GAINOUS RD   PANAMA CITY BEACH 32413,"['18-0791', '9605326']"
35365-000-000,316  K KOURT    PANAMA CITY BEACH 32413,"['B-2747', '578589', 'B760']"
35367-000-000,21906  FRONT BEACH RD   PANAMA CITY BEACH 32413,"['RF900', '9512581', '9506386', '931038']"
35368-000-000,21905  FRONT BEACH RD   PANAMA CITY BEACH 32413,"['18-0001', '17-0018', '15-1403', '15-0191', '15-0226', '14-0232', '14-0035', '13-0020', 'SP135', '99-01244', '9710643', '9511973', '9511973', '9509917']"
35370-000-000,21918  FRONT BEACH RD   PANAMA CITY BEACH 32413,"['18-0557', '9800710', '9704348']"
35370-012-000,101  DOWNING ST  A-F PANAMA CITY BEACH 32413,"['18-0144', '9506182', '9506183', '9506184']"
35370-013-000,103  DOWNING ST   PANAMA CITY BEACH 32413,"['DIS19-07664', '18-0144', '17-0779', '9500815']"
35370-013-010,103  DOWNING ST   PANAMA CITY BEACH 32413,['17-0786']
35370-014-000,105  DOWNING ST   PANAMA CITY BEACH 32413,"['SP086', '402912']"
35370-017-000,111  DOWNING ST   PANAMA CITY BEACH 32413,"['10-0566', 'B2428', 'B1862']"
35370-019-000,115  DOWNING ST   PANAMA CITY BEACH 32413,"['14-1220', 'N320']"
35370-020-000,117  DOWNING ST   PANAMA CITY BEACH 32413,['9803470']
36459-920-020,22431  PC BCH PKWY   PANAMA CITY BEACH 32413,"['08-1439', '08-1046', '08-1122']"
36463-000-000,23223  FRONT BEACH RD   PANAMA CITY BEACH 32413,"['DIS19-00802', '17-0010', 'F294', 'B101', '9514676', '9514678', '9512037', '9510716']"
36565-000-000,20723  FRONT BEACH RD   PANAMA CITY BEACH 32413,"['DIS19-12835', 'DIS19-12755', '16-0058', '07-1585', '9604574', '9602969', '9602967', '9514057', '9514057', '9513429', '9513429', '9511602', '9511602', '9510731', '9510747']"
36568-025-000,139  CHELSEA DR   PANAMA CITY BEACH 32413,"['B494', 'RF146']"
36568-030-000,141  CHELSEA DR   PANAMA CITY BEACH 32413,['92554']
36568-035-000,20708  FRONT BEACH RD   PANAMA CITY BEACH 32413,['9514196']
36570-000-000,20800  FRONT BEACH RD   PANAMA CITY BEACH 32413,"['17-0053', '9510270']"
36571-000-000,114  12TH ST   PANAMA CITY BEACH 32413,['0400172']
36573-000-000,20647  FRONT BEACH RD   PANAMA CITY BEACH 32413,"['RB19-01740', '18-0831', '99-01528', '9512560']"
36573-010-000,20643  FRONT BEACH RD   PANAMA CITY BEACH 32413,"['18-0514', '17-0757', '99-01528', '9512563']"
36573-020-000,20645  FRONT BEACH RD   PANAMA CITY BEACH 32413,"['17-1102', '16-1505', '99-01528', '9603875', '9512564']"
36576-000-000,109  LAKE PL   PANAMA CITY BEACH 32413,['16-0873']
36576-010-000,128  LAKE PL   PANAMA CITY BEACH 32413,"['9310626', '9508638', '9510836']"
36578-000-000,121  LAKE PL   PANAMA CITY BEACH 32413,"['13-1579', '9501578']"
36582-121-000,613  16TH ST   PANAMA CITY BEACH 32413,"['DIS19-11237', '5888']"
35293-005-010,20943  LAKEVIEW DR S  PANAMA CITY BEACH 32413,"['SP064', 'B-2527']"
35293-005-020,21001  LAKEVIEW DR S  PANAMA CITY BEACH 32413,"['500249', '502513']"
35293-005-030,135  DOWNING CT   PANAMA CITY BEACH 32413,"['9799', '9708097']"
35293-005-060,140  DOWNING CT   PANAMA CITY BEACH 32413,['3592']
35293-005-090,20931  LAKEVIEW DR S  PANAMA CITY BEACH 32413,"['18-03142', '9804686', '9804312', '9801387']"
35293-005-110,20940  LAKEVIEW DR S  PANAMA CITY BEACH 32413,"['17-0123', '16-0582', '10-0720', '9805194']"
35293-005-115,20936  LAKEVIEW DR S  PANAMA CITY BEACH 32413,"['DIS19-07237', '1766', 'B-1766', '13270']"
35293-005-120,20944  LAKEVIEW DR S  PANAMA CITY BEACH 32413,"['12-0707', 'RF293', 'B073']"
35293-027-000,702  AVENUE C    PANAMA CITY BEACH 32413,['B689']
35293-028-000,704  AVENUE C    PANAMA CITY BEACH 32413,"['0402571', '91-6717']"
35293-029-000,712  AVENUE C    PANAMA CITY BEACH 32413,"['11-0120', '9613218']"
35293-030-000,726  AVENUE C    PANAMA CITY BEACH 32413,['RF-1348']
35293-032-000,718  AVENUE C    PANAMA CITY BEACH 32413,['12-0021']
35293-037-000,818  AVENUE C    PANAMA CITY BEACH 32413,['19974']
35293-040-000,20477  VERONA ST  A PANAMA CITY BEACH 32413,['10411']
35293-042-000,20475  VERONA ST   PANAMA CITY BEACH 32413,['9511184']
35293-044-000,20479  VERONA ST   PANAMA CITY BEACH 32413,['MH154']
35293-050-000,616  AVENUE B    PANAMA CITY BEACH 32413,"['20519', '925872']"
35293-064-000,20421  SPIRES ST   PANAMA CITY BEACH 32413,"['17-0232', 'B200']"
35293-065-000,20503  SPIRES ST   PANAMA CITY BEACH 32413,"['17-0013', '16-0148', '91-5216']"
35293-065-010,20507  SPIRES ST   PANAMA CITY BEACH 32413,"['DIS19-08274', '08-0072']"
35293-069-000,20508  VERONA ST   PANAMA CITY BEACH 32413,['09-0309']
35293-071-000,20504  VERONA ST   PANAMA CITY BEACH 32413,['MH492']
35293-072-000,20502  VERONA ST   PANAMA CITY BEACH 32413,['9514318']
35293-075-000,20472  VERONA ST   PANAMA CITY BEACH 32413,['9506205']
35294-001-000,20419  HERLONG ST   PANAMA CITY BEACH 32413,"['13-0226', '502595', '9401315']"
35294-002-000,20421  HERLONG ST   PANAMA CITY BEACH 32413,['9614692']
35294-004-000,20503  HERLONG ST   PANAMA CITY BEACH 32413,"['500475', '9604041']"
35294-007-000,20509  HERLONG ST   PANAMA CITY BEACH 32413,"['4066', '3598']"
35294-011-000,20502  SPIRES ST   PANAMA CITY BEACH 32413,['0859']
35294-012-000,20500  SPIRES ST   PANAMA CITY BEACH 32413,"['08-0265', '08-0023', '9504044']"
35294-013-000,20420  SPIRES ST   PANAMA CITY BEACH 32413,['21321']
35294-014-000,20418  SPIRES ST   PANAMA CITY BEACH 32413,"['17-1075', 'MH447', '9604068']"
35296-000-000,327  AZALEA DR   PANAMA CITY BEACH 32413,"['500166', '93-4631']"
35299-000-000,335  AZALEA DR   PANAMA CITY BEACH 32413,"['17-0475', '14-0301', '14-0062']"
35300-000-000,343  AZALEA DR   PANAMA CITY BEACH 32413,"['17-1046', '17-0345']"
35300-010-000,337  AZALEA DR   PANAMA CITY BEACH 32413,['13-1963']
35301-000-000,349  AZALEA DR   PANAMA CITY BEACH 32413,"['17-0112', '923749']"
35302-000-000,351  AZALEA DR   PANAMA CITY BEACH 32413,"['17-1047', '17-0335', '9510839', '9510839']"
35304-000-000,359  AZALEA DR   PANAMA CITY BEACH 32413,['9501977']
35307-000-000,328  AZALEA DR   PANAMA CITY BEACH 32413,"['RR20-00631', '11-0028', '9500536']"
35308-000-000,332  AZALEA DR   PANAMA CITY BEACH 32413,"['14-1240', '9811509', '922719', '92566']"
35314-000-000,356  AZALEA DR   PANAMA CITY BEACH 32413,['13-0095']
35314-010-000,360  AZALEA DR   PANAMA CITY BEACH 32413,['9600005']
35317-090-000,357  PALM DR   PANAMA CITY BEACH 32413,['B1195']
35318-000-000,351  PALM DR   PANAMA CITY BEACH 32413,['B495']
35319-001-000,347  PALM DR   PANAMA CITY BEACH 32413,"['500585', '6243', '6243']"
35320-010-000,335  PALM DR   PANAMA CITY BEACH 32413,"['17-0695', '15-1162']"
35322-000-000,330  PALM DR   PANAMA CITY BEACH 32413,"['18-0713', 'RB18-0399']"
35325-000-000,338  PALM DR   PANAMA CITY BEACH 32413,"['DIS19-07298', '18-1356']"
35325-010-000,340  PALM DR   PANAMA CITY BEACH 32413,['921156']
35331-010-000,343  TWIN LAKES DR   PANAMA CITY BEACH 32413,['16-0397']
35332-000-000,333  TWIN LAKES DR   PANAMA CITY BEACH 32413,['DIS19-08076']
35333-000-000,330  TWIN LAKES DR   PANAMA CITY BEACH 32413,"['11344', '9512330']"
35334-000-000,332  TWIN LAKES DR   PANAMA CITY BEACH 32413,"['18-0164', '17-1264', '9804314', '926927']"
35335-000-000,334  TWIN LAKES DR   PANAMA CITY BEACH 32413,['17-0307']
35336-000-000,340  TWIN LAKES DR   PANAMA CITY BEACH 32413,['B-2407']
35337-000-000,20679  PC BCH PKWY   PANAMA CITY BEACH 32413,['CB17-0147']
35340-000-000,527  CHRISTMAS TREE LN   PANAMA CITY BEACH 32413,"['15-1219', '15-0221', '12-0304']"
35341-000-000,20669  PANAMA CITY BEACH PKWY   PANAMA CITY BEACH 32413,['9512304']
35342-000-000,610  AVENUE C    PANAMA CITY BEACH 32413,['9608348']
35342-050-000,20660  PC BCH PKWY   PANAMA CITY BEACH 32413,['B005']
35344-000-000,20678  PC BCH PKWY   PANAMA CITY BEACH 32413,"['CB18-0186', '12-0389', '7174', '93-8036', '19804']"
35345-000-000,703  AVENUE C    PANAMA CITY BEACH 32413,['B0689']
35346-000-000,20720  PC BCH PKWY   PANAMA CITY BEACH 32413,"['17-0095', '17-0059', '13-1758', '7436', '919377', '20531']"
35348-000-000,20734  PC BCH PKWY   PANAMA CITY BEACH 32413,['B1761']
36554-080-000,109  CHARLES CLAUDE CIR   PANAMA CITY BEACH 32413,"['15-0646', '11-0060', '11-0371', '10-1030', '08-1447', 'B2225', '9509066']"
36554-090-000,111  CHARLES CLAUDE CIR   PANAMA CITY BEACH 32413,"['10-1318', '10-0615', '10-0286', '08-0926', '402593']"
36554-100-000,113  CHARLES CLAUDE CIR   PANAMA CITY BEACH 32413,"['17-1114', '926854']"
36557-000-000,19932  FRONT BEACH RD   PANAMA CITY BEACH 32413,"['15-0040', '12-0294', '9808385']"
36557-010-000,119  LAKE PL   PANAMA CITY BEACH 32413,"['RR20-00807', 'SP023']"
36557-030-000,19974  FRONT BEACH RD   PANAMA CITY BEACH 32413,"['09-0991', '09-0837', '07-1775', '07-1775', '502408']"
36557-031-000,19960  FRONT BEACH RD   PANAMA CITY BEACH 32413,"['15-0824', '15-0245']"
36558-000-000,118  12TH ST   PANAMA CITY BEACH 32413,"['DIS19-12337', '15-0597', 'R060801']"
36560-010-000,130  12TH ST   PANAMA CITY BEACH 32413,"['RB19-01932', '09-0526', 'B07-0025', '9605733', '9510742']"
36561-000-000,124  12TH ST   PANAMA CITY BEACH 32413,"['92843', '9703724']"
36562-000-000,202  14TH ST   PANAMA CITY BEACH 32413,"['500944', '1635']"
36562-030-000,20012  1ST AVE   PANAMA CITY BEACH 32413,['9503042']
36562-040-000,208  14TH ST   PANAMA CITY BEACH 32413,"['13-1192', '9805693']"
36562-050-000,20008  1ST AVE   PANAMA CITY BEACH 32413,"['DIS19-10017', 'DIS19-03175']"
36563-000-000,19988  FRONT BEACH RD   PANAMA CITY BEACH 32413,"['CR19-00020', '17-0013', '15-0146', '15-0022', '9514990', '9512522', '9512092', '9512002', '269']"
36565-000-000,20723  FRONT BEACH RD   PANAMA CITY BEACH 32413,"['DIS19-12835', 'DIS19-12755', '16-0058', '07-1585', '9604574', '9602969', '9602967', '9514057', '9514057', '9513429', '9513429', '9511602', '9511602', '9510731', '9510747']"
36568-025-000,139  CHELSEA DR   PANAMA CITY BEACH 32413,"['B494', 'RF146']"
36568-030-000,141  CHELSEA DR   PANAMA CITY BEACH 32413,['92554']
36582-301-000,20303  PC BCH PKWY   PANAMA CITY BEACH 32413,['0402542']
36582-303-000,219  16TH ST   PANAMA CITY BEACH 32413,['501665']
36582-304-000,221  16TH ST   PANAMA CITY BEACH 32413,"['15-0049', '11270', '9406552']"
36582-305-000,223  16TH ST   PANAMA CITY BEACH 32413,"['9507665', '9507883', '9507882']"
36582-306-000,225  16TH ST   PANAMA CITY BEACH 32413,"['15-0039', '9509260', '9509261']"
36582-307-000,229  16TH ST   PANAMA CITY BEACH 32413,"['501655', 'B120', '9412302', '9412304']"
36582-308-000,231  16TH ST   PANAMA CITY BEACH 32413,"['501654', '9500046', '9406556']"
36582-309-000,235  16TH ST   PANAMA CITY BEACH 32413,['9406558']
36582-310-000,239  16TH ST   PANAMA CITY BEACH 32413,"['17-0910', '9513006', '9512847']"
36582-311-000,241  16TH ST   PANAMA CITY BEACH 32413,"['17-0909', '10-0373', '9507194']"
36582-312-000,243  16TH ST   PANAMA CITY BEACH 32413,"['9501884', '9501885']"
36582-313-000,245  16TH ST   PANAMA CITY BEACH 32413,"['15-0496', '9400451']"
36582-314-000,247  16TH ST   PANAMA CITY BEACH 32413,"['15-0615', '93-4553', '93-4554']"
36582-315-000,249  16TH ST   PANAMA CITY BEACH 32413,"['99-02079', '9211466']"
36582-316-000,301  16TH ST   PANAMA CITY BEACH 32413,"['14-1033', '9803231', '9211481']"
36582-317-000,305  16TH ST   PANAMA CITY BEACH 32413,"['500399', 'B119', '9210092']"
36582-318-000,309  16TH ST   PANAMA CITY BEACH 32413,"['11690765', '9211469']"
36582-319-000,311  16TH ST   PANAMA CITY BEACH 32413,['9211471']
36582-320-000,313  16TH ST   PANAMA CITY BEACH 32413,"['12-0008', 'B0119']"
36582-321-000,315  16TH ST   PANAMA CITY BEACH 32413,"['19-05188', '9406554']"
36718-000-000,19979  FRONT BEACH RD   PANAMA CITY BEACH 32413,"['18-0017', '7345', '3404', '0522', '13983', '13984', '13985', '10699', '9612087', '20890']"
36721-000-000,  FRONT BEACH RD   PANAMA CITY BEACH 32413,"['16-0082', '16-0079', '16-0996', '16-1007', '16-1008', '16-0080', '16-0461', '16-0462', '16-0464', '16-0464', '16-0012', '9502931', '9310023', '93-9200']"
37237-060-000,19618  PANAMA CITY BEACH PKWY   PANAMA CITY BEACH 32413,"['14-1064', '14-0567']"
37238-004-000,545  LAKESHORE DR N  PANAMA CITY BEACH 32413,"['RB20-01175', 'DIS19-12565', '501653']"
37238-006-000,541  LAKESHORE DR N  PANAMA CITY BEACH 32413,"['DIS19-06964', '09-0042', 'B567', 'RF671', 'B899']"
37238-008-000,570  LAKESHORE DR N  PANAMA CITY BEACH 32413,['13-1528']
37238-100-000,538  LAKESHORE DR N  PANAMA CITY BEACH 32413,"['RR18-1148', '9709238', '9708993']"
37238-110-000,19408  PC BCH PKWY   PANAMA CITY BEACH 32413,"['13-0124', 'B07-1397', '3536', '5777']"
37238-140-000,537  LAKESHORE DR N  PANAMA CITY BEACH 32413,"['RF873', 'B860', 'B847']"
37238-170-000,549  LAKESHORE DR N  PANAMA CITY BEACH 32413,"['17-1231', '17-0860']"
37238-175-000,547  LAKESHORE DR N  PANAMA CITY BEACH 32413,"['18-0043', '17-0862']"
37238-190-000,557  LAKESHORE DR N  PANAMA CITY BEACH 32413,"['500222', '9405019']"
37238-200-000,561  LAKESHORE DR N  PANAMA CITY BEACH 32413,['932365']
37238-201-000,565  LAKESHORE DR N  PANAMA CITY BEACH 32413,"['16-1191', '9404843', '924187']"
37238-202-010,567  LAKESHORE DR N  PANAMA CITY BEACH 32413,['1819']
37238-203-010,571  LAKESHORE DR N  PANAMA CITY BEACH 32413,['1820']
37238-301-000,405  PARADISE BLVD   PANAMA CITY BEACH 32413,['12-0867']
37245-040-000,130  LAKE PL   PANAMA CITY BEACH 32413,['']
37246-000-000,216  DELUNA PL   PANAMA CITY BEACH 32413,"['13-0198', '12-1061', 'BO1272', 'B2063', 'B2255']"
37246-000-010,218  DE LUNA PL   PANAMA CITY BEACH 32413,['17-0584']
37247-000-000,214  DELUNA PL   PANAMA CITY BEACH 32413,['15-1210']
37250-010-000,212  DELUNA PL   PANAMA CITY BEACH 32413,['9510745']
37252-000-000,19605  PC BCH PKWY   PANAMA CITY BEACH 32413,"['08-0659', 'B06-1760', 'B1280', 'B1280']"
37252-020-000,18436  PC BCH PKWY   PANAMA CITY BEACH 32413,"['17-2124', '15-0218']"
37254-070-000,19433  PANAMA CITY BEACH PKWY   PANAMA CITY BEACH 32413,"['DIS19-02042', 'B0583']"
37263-000-000,19016  FRONT BEACH RD   PANAMA CITY BEACH 32413,"['DIS20-00526', '14-0215', '13-0577', '500592', '500592', '402903', 'RF322', 'B373', 'B2521', '02040', '99-00722', '9611704', '9606337', '9513876', '9510915', '9510916', '93-6031', '932489', '931327', '924086', '918324', '19970', '19971']"
37264-000-000,19012  FRONT BEACH RD   PANAMA CITY BEACH 32413,"['19-05796', '9601080', '7089']"
37264-010-000,19008  FRONT BEACH RD   PANAMA CITY BEACH 32413,"['11-0749', '11-0728', 'R07-1517', 'B07-1340']"
37266-000-000,101  BENICIA PL   PANAMA CITY BEACH 32413,"['401579', 'RF-1128', '9513419', '9513419']"
37267-000-000,103  BENICIA PL   PANAMA CITY BEACH 32413,['18-06035']
37269-000-000,109  BENICIA PL   PANAMA CITY BEACH 32413,"['401602', '402751']"
37270-000-000,111  BENICIA PL   PANAMA CITY BEACH 32413,"['DIS19-03476', '9402713']"
37271-000-000,113  BENICIA PL   PANAMA CITY BEACH 32413,['20572']
37301-000-000,19216  FRONT BEACH RD   PANAMA CITY BEACH 32413,"['RB19-00703', '10-0634', '9701893', '9604998', '96-02088', '20937']"
37304-000-000,19210  FRONT BEACH RD   PANAMA CITY BEACH 32413,"['CB18-0196', '16-0121', '12-1349', '9510528']"
37305-000-000,107  EL REPOSO PL   PANAMA CITY BEACH 32413,"['R060870', '9405078']"
37306-000-000,109  EL REPOSO PL   PANAMA CITY BEACH 32413,['B400']
37307-000-000,111  EL REPOSO PL   PANAMA CITY BEACH 32413,"['09-0480', 'B1730', '9503504']"
37308-000-000,113  EL REPOSO PL   PANAMA CITY BEACH 32413,"['12-0090', '9507955']"
37309-000-000,117  EL REPOSO PL   PANAMA CITY BEACH 32413,"['RR18-1184', '60240']"
37310-000-000,119  EL REPOSO PL   PANAMA CITY BEACH 32413,"['13-0109', '9510738']"
32765-000-000,17280  FRONT BEACH RD   PANAMA CITY BEACH 32413,"['2010667', '200943']"
32767-020-001,17135  FRONT BEACH RD  1 PANAMA CITY BEACH 32413,"['1594', '0599', '9802220', '9601058']"
32767-020-002,17135  FRONT BEACH RD  2 PANAMA CITY BEACH 32413,"['1594', '0599', '9601059']"
32767-020-003,17135  FRONT BEACH RD  3 PANAMA CITY BEACH 32413,"['1594', '0599', '9601060']"
32767-025-004,17135  FRONT BEACH RD  4 PANAMA CITY BEACH 32413,"['1594', '0599', '9601061']"
32767-025-006,17135  FRONT BEACH RD  6 PANAMA CITY BEACH 32413,"['1594', '0599', '9601062', '925853']"
32767-025-007,17135  FRONT BEACH RD  7 PANAMA CITY BEACH 32413,"['1594', '0599', '9601063', '925870']"
32767-025-008,17135  FRONT BEACH RD  8 PANAMA CITY BEACH 32413,"['1594', '0599', '9601064']"
32767-025-009,17135  FRONT BEACH RD  9 PANAMA CITY BEACH 32413,"['1594', '20042580', '0599', '9601065']"
32767-025-010,17135  FRONT BEACH RD  10 PANAMA CITY BEACH 32413,"['1594', '0599', '9601066']"
32767-025-011,17135  FRONT BEACH RD  11 PANAMA CITY BEACH 32413,"['1594', '0599', '9601067', '5616']"
32767-025-012,17135  FRONT BEACH RD  12 PANAMA CITY BEACH 32413,"['201904229', '0599', '9800515', '9601068', '925796']"
32767-025-013,17135  FRONT BEACH RD  13 PANAMA CITY BEACH 32413,"['202000922', '18-0751', '0599', '9801911', '9800395', '9601069']"
32767-025-014,17135  FRONT BEACH RD  14 PANAMA CITY BEACH 32413,"['17-0986', '0599', '9801151', '9601070', '5307']"
32767-025-015,17135  FRONT BEACH RD  15 PANAMA CITY BEACH 32413,"['1594', '0599', '9601071', '5340']"
32767-025-016,17135  FRONT BEACH RD  16 PANAMA CITY BEACH 32413,"['1594', '2008778', '0599', '9601072']"
32767-025-017,17135  FRONT BEACH RD  17 PANAMA CITY BEACH 32413,"['1594', '0599', '9601073', '92-5901']"
32767-025-018,17135  FRONT BEACH RD  18 PANAMA CITY BEACH 32413,"['1594', '9601074']"
32767-025-019,17135  FRONT BEACH RD  19 PANAMA CITY BEACH 32413,"['1594', '9601075']"
32775-000-000,17255  FRONT BEACH RD   PANAMA CITY BEACH 32413,"['201904575', '201900147', '08-0413', '2131', '0853', '6668']"
32779-000-000,17140  FRONT BEACH RD   PANAMA CITY BEACH 32413,"['1562', '2009638', '20062250', '4464', '4472', 'RF0573', '7628', '6612', '93-6215']"
32780-000-000,17138  FRONT BEACH RD   PANAMA CITY BEACH 32413,"['201904304', '2009662', 'S06-0028', '5820', '5682']"
32781-000-000,16181  PC BCH PKWY   PANAMA CITY BEACH 32413,"['15-1774', '15-1765', '15-1765', '13-2058', '07-1439', '2007-638', '4992', '03-01810', '03-01746', '03-01453', '03-01453', '1453', '1275', '2269', '877']"
32783-002-000,16259  LULLWATER DR E  PANAMA CITY BEACH 32413,"['17-0161', '16-0685', '1162', '9801478', '5204']"
32783-004-000,16207  SKY AVE   PANAMA CITY BEACH 32413,"['19-0450', '2072', '1722', '5254', '5255']"
32783-005-000,16209  SKY AVE   PANAMA CITY BEACH 32413,['2011436']
32783-009-000,16220  SKY AVE   PANAMA CITY BEACH 32413,"['51804', '4996']"
32783-020-000,16210  SKY AVE   PANAMA CITY BEACH 32413,['2006576']
38188-010-000,18400  PC BCH PKWY   PANAMA CITY BEACH 32413,"['16-1874', '16-1618', '6741', '5117']"
38192-000-000,130  WELLS ST N  PANAMA CITY BEACH 32413,['4874']
38194-000-000,146  WELLS ST N  PANAMA CITY BEACH 32413,"['202002152', '1136', '9802654', '9601431']"
38195-000-000,148  WELLS ST N  PANAMA CITY BEACH 32413,['15-2155']
38195-010-000,150  WELLS ST N  PANAMA CITY BEACH 32413,"['16-0534', '1127', '99-00353', '6095']"
38196-000-000,152  WELLS ST N  PANAMA CITY BEACH 32413,['5326']
38197-000-000,166  WELLS ST N  PANAMA CITY BEACH 32413,"['17-1656', '17-0200', '15-2194', '13-493']"
38320-005-015,17710  PC BCH PKWY   PANAMA CITY BEACH 32413,"['20091438', '20091254', '2009693', '2009212']"
38320-005-040,17756 A PC BCH PKWY   PANAMA CITY BEACH 32413,"['200931', '200927', '1669', '1672']"
38320-005-070,17745  ASHLEY DR  A&B PANAMA CITY BEACH 32413,"['201903544', '18-1383']"
38320-005-090,17747  ASHLEY DR   PANAMA CITY BEACH 32413,"['2521', '1755']"
38320-005-105,17803  ASHLEY DR   PANAMA CITY BEACH 32413,"['201900157', '16-1835']"
38320-005-120,17687  ASHLEY DR   PANAMA CITY BEACH 32413,['201901011']
38320-005-130,17680  ASHLEY DR   PANAMA CITY BEACH 32413,['4516']
38320-005-170,17610  ASHLEY DR   PANAMA CITY BEACH 32413,['15-0232']
38320-005-180,17639  ASHLEY DR   PANAMA CITY BEACH 32413,['17-0558']
38320-005-190,17633  ASHLEY DR   PANAMA CITY BEACH 32413,['13-2082']
38320-005-200,17616  ASHLEY DR   PANAMA CITY BEACH 32413,"['13-2366', '20082643', '20081189']"
38320-005-210,17614  ASHLEY DR   PANAMA CITY BEACH 32413,"['20072229', '20062192']"
38320-005-240,17650  ASHLEY WAY   PANAMA CITY BEACH 32413,['12-752']
38320-005-250,17618  ASHLEY DR   PANAMA CITY BEACH 32413,['17-2222']
38320-020-010,154  GRIFFIN BLVD   PANAMA CITY BEACH 32413,"['202000695', '201901308', '18-1904', '42675']"
38320-020-020,130  GRIFFIN BLVD   PANAMA CITY BEACH 32413,"['18-1025', '15-2208']"
38320-020-025,17704  ASHLEY DR   PANAMA CITY BEACH 32413,"['202000828', '201901883', '201901884']"
38320-020-045,17703  ASHLEY DR  SUITS PANAMA CITY BEACH 32413,"['201900475', '201802892', '201701930']"
38320-020-050,158  GRIFFIN BLVD   PANAMA CITY BEACH 32413,"['07-1639', '42484']"
38320-020-055,  GRIFFIN BLVD   PANAMA CITY BEACH 32413,"['17-2605', '15-2052']"
38320-020-060,17740  ASHLEY DR   PANAMA CITY BEACH 32413,"['16-1192', '15-0538', '12-1773', '12-467', '20081721', '200645', '51674', '938', '4478', '408160']"
38320-020-090,17742  ASHLEY DR   PANAMA CITY BEACH 32413,"['201900105', '2011893', '2010896']"
38320-030-011,17601  ASHLEY DR   PANAMA CITY BEACH 32413,"['200997', '200959', '20081605', '2008949', '2008785', '07-1135', '07-1136', '07-1137']"
38322-007-000,17775  PC BCH PKWY   PANAMA CITY BEACH 32413,"['201901969', '1089', '07-83']"
38322-011-000,17750  PC BCH PKWY   PANAMA CITY BEACH 32413,"['201901013', '14-1030', '14-1030']"
38324-501-000,17842  ASHLEY DR   PANAMA CITY BEACH 32413,['2009717']
38324-510-000,100  AMAR PL   PANAMA CITY BEACH 32413,"['14-1176', 'B0677']"
38324-603-000,105  ESTES PL   PANAMA CITY BEACH 32413,['1535']
38324-606-000,108  ESTES PL   PANAMA CITY BEACH 32413,['201901354']
38324-607-000,106  ESTES PL   PANAMA CITY BEACH 32413,"['19-0354', '16-0779']"
38324-608-000,104  ESTES PL   PANAMA CITY BEACH 32413,['15-1847']
38324-609-000,102  ESTES PL   PANAMA CITY BEACH 32413,"['17-0458', '20062107']"
38324-610-000,100  ESTES PL   PANAMA CITY BEACH 32413,['07-1442']
38325-010-000,17290  FRONT BEACH RD   PANAMA CITY BEACH 32413,"['5051', '5007', '6786', '9700887']"
38327-000-000,17458  FRONT BEACH RD   PANAMA CITY BEACH 32413,"['202000578', '201904655', '17-2161']"
38327-005-000,17456  FRONT BEACH RD   PANAMA CITY BEACH 32413,['2010666']
38327-027-000,17446  PC BCH PKWY   PANAMA CITY BEACH 32413,"['13-1575', '07-1704', '393', '027', '', '6100']"
38327-030-000,17462  FRONT BEACH RD  2B-3 PANAMA CITY BEACH 32413,"['18-2065', '4847']"
38327-041-000,17462  FRONT BEACH RD  B6 B6 PANAMA CITY BEACH 32413,['201903947']
38327-042-000,17462  FRONT BEACH RD  6 B5 PANAMA CITY BEACH 32413,['15-0001']
38327-043-000,17462  FRONT BEACH RD  6 A3 PANAMA CITY BEACH 32413,"['201802548', '18-0190']"
38327-045-000,17462  FRONT BEACH RD  6 B2 PANAMA CITY BEACH 32413,['15-0002']
38327-046-000,17462  FRONT BEACH RD  B6A1 PANAMA CITY BEACH 32413,['18-2102']
38327-048-000,17462  FRONT BEACH RD  6 B4 PANAMA CITY BEACH 32413,['13-27']
38327-049-000,17462  FRONT BEACH RD  B6B1 PANAMA CITY BEACH 32413,"['15-0003', '03-01629']"
38327-085-000,17462  FRONT BEACH RD  2 A3 PANAMA CITY BEACH 32413,['5993']
38327-086-000,17462  FRONT BEACH RD  2 B5 PANAMA CITY BEACH 32413,['14-1032']
38328-000-000,17495  PC BCH PKWY   PANAMA CITY BEACH 32413,['7660']
38328-010-000,17500  PC BCH PKWY   PANAMA CITY BEACH 32413,"['1452', '']"
38329-000-000,17403  FRONT BEACH RD   PANAMA CITY BEACH 32413,"['16-2175', '15-1994', '14-2217', '14-2218', '2010202', '20091421', 'B1901', '99-00029', '9801977', '9701874', '9601491', '7487', '7206', '6506', '6364', '6099', '5893', '5763', '5582', '5583', '5114', '925911', '925881']"
38330-000-000,17403  FRONT BEACH RD   PANAMA CITY BEACH 32413,"['2010202', '7487', '6506', '6364', '925881', '5406']"
38331-020-000,17469  FRONT BEACH RD  194 PANAMA CITY BEACH 32413,"['18-0141', '7601', '7316']"
38331-021-000,17467  FRONT BEACH RD  193 PANAMA CITY BEACH 32413,"['18-0141', '9600954', '7683']"
38331-022-000,17471  FRONT BEACH RD  195 PANAMA CITY BEACH 32413,"['7317', '7602', '99-00021']"
38331-023-000,17473  FRONT BEACH RD  196 PANAMA CITY BEACH 32413,"['7318', '7603']"
38331-024-000,17475  FRONT BEACH RD  197 PANAMA CITY BEACH 32413,"['5233', '9600955']"
38337-005-000,17501  PC BCH PKWY   PANAMA CITY BEACH 32413,"['925627', '9802450']"
38374-000-000,17616  FRONT BEACH RD   PANAMA CITY BEACH 32413,"['RF833', 'RF1939']"
38375-010-000,17609  FRONT BEACH RD   PANAMA CITY BEACH 32413,['9601199']
38376-000-000,17615  PANAMA CITY BEACH PKWY   PANAMA CITY BEACH 32413,"['12-927', '9700754']"
38376-004-000,208  SUNDIAL ST  1 & 2 PANAMA CITY BEACH 32413,"['18-1135', '17-1429']"
38376-005-000,17619  PC BCH PKWY   PANAMA CITY BEACH 32413,['201903559']
38376-020-000,202  SUNDIAL ST   PANAMA CITY BEACH 32413,['2010600']
38376-021-000,204  SUNDIAL CT   PANAMA CITY BEACH 32413,['2010599']
38376-022-000,206  SUNDIAL CT   PANAMA CITY BEACH 32413,['2010601']
38376-023-000,218  SUNDIAL ST   PANAMA CITY BEACH 32413,"['202001985', '17-0845', '2010598']"
38376-024-000,220  SUNDIAL ST   PANAMA CITY BEACH 32413,['2010602']
38378-010-000,17578  FRONT BEACH RD   PANAMA CITY BEACH 32413,"['18-1145', '17-0993']"
38379-000-000,249  SHALIMAR ST   PANAMA CITY BEACH 32413,"['18-2018', '07-1102', '60318']"
38380-010-000,199  SHALIMAR ST   PANAMA CITY BEACH 32413,"['201901375', '19-0006', '18-0526', '2005374', '915286', '5220', '5221', '4857']"
38383-000-000,17554  FRONT BEACH RD   PANAMA CITY BEACH 32413,"['202001178', '202001201', '11-1168', '2010139', '2008552', '041823', '03-01853', '9801045', '9509965']"
32745-005-060,17259  PC BCH PKWY   PANAMA CITY BEACH 32413,['13-257']
32745-020-000,17312  PC BCH PKWY   PANAMA CITY BEACH 32413,"['17-2729', '17-2328', '6671']"
32745-030-000,107  CIRCLE DR   PANAMA CITY BEACH 32413,['7491']
32745-050-000,17255  PC BCH PKWY   PANAMA CITY BEACH 32413,"['13-207', '4437', '9802656']"
32746-000-000,17190  FRONT BEACH RD   PANAMA CITY BEACH 32413,"['12-1440', '2012153', '1308', '1233', '6013']"
32746-100-000,17180  FRONT BEACH RD   PANAMA CITY BEACH 32413,"['16-0630', '13-2289', '13-1355', '2011270', '20101148', '20081188', '041894', '4560', '03-01855', '294', '239', '6341', '5812', '5765', '925672', '915304']"
32748-001-000,17185  FRONT BEACH RD  8 PANAMA CITY BEACH 32413,['18-1340']
32751-000-000,17255  FRONT BEACH RD   PANAMA CITY BEACH 32413,"['17-0971', '14-626', '2010301', '2008348', '51140', '858', '9802649', '9701181', '6668', '6026', '5647']"
32753-000-000,17329  PC BCH PKWY   PANAMA CITY BEACH 32413,"['202000705', '201902248', '2010921', '20071915', '20071917', '07-1868', '07-1114', '07-1089', '2007-715', '7552', '6519', '6520', '6526']"
32754-000-000,105  SELLERS ST   PANAMA CITY BEACH 32413,"['18-2197', '16-1351']"
32756-000-000,109  SELLERS ST   PANAMA CITY BEACH 32413,"['17-0667', '15-1316', '9700903', '6455']"
32761-000-000,276  DAFFIN PL   PANAMA CITY BEACH 32413,"['202000598', '5407']"
32765-000-000,17280  FRONT BEACH RD   PANAMA CITY BEACH 32413,"['2010667', '200943']"
32767-020-001,17135  FRONT BEACH RD  1 PANAMA CITY BEACH 32413,"['1594', '0599', '9802220', '9601058']"
32767-020-002,17135  FRONT BEACH RD  2 PANAMA CITY BEACH 32413,"['1594', '0599', '9601059']"
32767-020-003,17135  FRONT BEACH RD  3 PANAMA CITY BEACH 32413,"['1594', '0599', '9601060']"
32770-010-000,113  ARNOLD RD   PANAMA CITY BEACH 32413,"['201904303', '03-01334']"
32770-020-000,111  ARNOLD RD S  PANAMA CITY BEACH 32413,"['17-0658', '17-0634', '14-2291', '13-274']"
32771-000-000,17005  GUAVA AVE   PANAMA CITY BEACH 32413,"['52893', '915467']"
32771-010-000,17008  HERNANDO AVE   PANAMA CITY BEACH 32413,"['17-1757', '13-569', '9801696', '6346', '915461']"
32771-020-000,17007  GUAVA AVE   PANAMA CITY BEACH 32413,['6334']
32771-030-000,17010  HERNANDO AVE   PANAMA CITY BEACH 32413,"['51767', '5990']"
32772-000-000,17012  HERNANDO AVE   PANAMA CITY BEACH 32413,"['16-2326', '6597']"
32773-000-000,16990  FRONT BEACH RD   PANAMA CITY BEACH 32413,"['201901307', '17-0059', '16-1467', '2009133', '9800999', '7098']"
32774-000-000,17101  FRONT BEACH RD   PANAMA CITY BEACH 32413,"['17-0249', '16-1911', '16-1315', '51627', '2005305', '9800768', '9701160', '7026', '6368', '6253', '925829', '925622', '5243']"
32775-000-000,17255  FRONT BEACH RD   PANAMA CITY BEACH 32413,"['201904575', '201900147', '08-0413', '2131', '0853', '6668']"
32777-000-000,271  ARNOLD RD S  PANAMA CITY BEACH 32413,"['16-2432', '6945']"
32778-000-000,17001  HERNANDO AVE   PANAMA CITY BEACH 32413,"['20081501', '651', '6407']"
32779-000-000,17140  FRONT BEACH RD   PANAMA CITY BEACH 32413,"['1562', '2009638', '20062250', '4464', '4472', 'RF0573', '7628', '6612', '93-6215']"
32780-000-000,17138  FRONT BEACH RD   PANAMA CITY BEACH 32413,"['201904304', '2009662', 'S06-0028', '5820', '5682']"
32781-000-000,16181  PC BCH PKWY   PANAMA CITY BEACH 32413,"['15-1774', '15-1765', '15-1765', '13-2058', '07-1439', '2007-638', '4992', '03-01810', '03-01746', '03-01453', '03-01453', '1453', '1275', '2269', '877']"
32783-002-000,16259  LULLWATER DR E  PANAMA CITY BEACH 32413,"['17-0161', '16-0685', '1162', '9801478', '5204']"
32783-004-000,16207  SKY AVE   PANAMA CITY BEACH 32413,"['19-0450', '2072', '1722', '5254', '5255']"
32783-005-000,16209  SKY AVE   PANAMA CITY BEACH 32413,['2011436']
32783-009-000,16220  SKY AVE   PANAMA CITY BEACH 32413,"['51804', '4996']"
32783-020-000,16210  SKY AVE   PANAMA CITY BEACH 32413,['2006576']
32783-030-000,16200  SKY AVE   PANAMA CITY BEACH 32413,['9801668']
32783-035-000,16202  SKY AVE   PANAMA CITY BEACH 32413,['12-1255']
33167-000-000,17306  PC BCH PKWY   PANAMA CITY BEACH 32413,['1428']
33167-010-000,17304  PC BCH PKWY   PANAMA CITY BEACH 32413,['4886']
33171-000-000,109  PALM CIR   PANAMA CITY BEACH 32413,['03-01460']
33171-010-000,111  PALM CIR   PANAMA CITY BEACH 32413,['17-1067']
33171-020-000,113  PALM CIR   PANAMA CITY BEACH 32413,"['42358', '2157']"
33172-000-000,130  CIRCLE DR   PANAMA CITY BEACH 32413,['915472']
33173-010-000,126  CIRCLE DR   PANAMA CITY BEACH 32413,"['2011665', '51768', '92-6455', '925781']"
33174-000-000,124  CIRCLE DR   PANAMA CITY BEACH 32413,"['13-881', '925774']"
33175-000-000,122  CIRCLE DR   PANAMA CITY BEACH 32413,"['15-0426', '925563']"
33176-000-000,116  CIRCLE DR   PANAMA CITY BEACH 32413,"['15-1999', '15-1250', '53237']"
33177-000-000,114  CIRCLE DR   PANAMA CITY BEACH 32413,['1362']
33178-000-000,112  CIRCLE DR   PANAMA CITY BEACH 32413,"['2005334', '925846']"
33178-010-000,109  CIRCLE DR   PANAMA CITY BEACH 32413,"['14-592', '5833']"
33179-000-000,111  CIRCLE DR   PANAMA CITY BEACH 32413,"['51700', '6778']"
33180-000-000,113  CIRCLE DR   PANAMA CITY BEACH 32413,['201902818']
33180-010-000,115  CIRCLE DR   PANAMA CITY BEACH 32413,"['2010811', '2010272', '7100']"
33181-010-000,119  CIRCLE DR   PANAMA CITY BEACH 32413,"['15-0456', '15-0202', '20081779', '20081756', '2004127', '6813']"
33315-000-000,16930  PC BCH PKWY   PANAMA CITY BEACH 32413,"['201904586', '11-1242', 'RF0574', '30258', '5725']"
33316-000-000,118  HENRY AVE   PANAMA CITY BEACH 32413,['4513']
33319-000-000,119  PEARL AVE   PANAMA CITY BEACH 32413,"['201902339', '15-1398', '11-1406', '7252']"
33320-100-000,17155  FRONT BEACH RD   PANAMA CITY BEACH 32413,"['16-1983', '15-1280', '6838', '7050']"
33321-000-000,16726  FRONT BEACH RD   PANAMA CITY BEACH 32413,"['15-0305', '9801111', '9700773', '6962', '5078']"
33327-000-000,16610  FRONT BEACH RD   PANAMA CITY BEACH 32413,"['5082', '6888', '9606183']"
33328-000-000,16450  FRONT BEACH RD   PANAMA CITY BEACH 32413,"['17-0165', '0481', '0189', '7322']"
33331-100-000,16621  FRONT BEACH RD  H. PANAMA CITY BEACH 32413,"['6940', '7657']"
33362-000-000,268  ARNOLD RD S  PANAMA CITY BEACH 32413,"['20103', '6349', '6670']"
33363-000-000,290  ARNOLD RD S  PANAMA CITY BEACH 32413,"['19-00288', '2006394', '9701774', '6359', '5066']"
33364-000-000,258  SAN VINCENTE ST   PANAMA CITY BEACH 32413,['6380']
33365-000-000,234  SAN VINCENTE ST   PANAMA CITY BEACH 32413,['7515']
33367-000-000,230  SAN VINCENTE ST   PANAMA CITY BEACH 32413,['17-1305']
33367-010-000,228  SAN VINCENTE ST   PANAMA CITY BEACH 32413,"['15-2206', '6915', '6396']"
33368-000-000,226 A  SAN VINCENTE ST   PANAMA CITY BEACH 32413,['03-01668']
33369-000-000,224  SAN VINCENTE ST  B PANAMA CITY BEACH 32413,['788']
33370-000-000,222  SAN VINCENTE ST  B PANAMA CITY BEACH 32413,['787']
33371-000-000,220  SAN VINCENTE ST   PANAMA CITY BEACH 32413,['2004268']
33373-000-000,216  SAN VINCENTE ST  A&B PANAMA CITY BEACH 32413,"['16-0798', '9801373']"
33375-000-000,212  SAN VINCENTE ST   PANAMA CITY BEACH 32413,"['12-964', '2011774', '1477']"
33376-000-000,210  SAN VINCENTE ST  B PANAMA CITY BEACH 32413,"['14-2098', '5982']"
33377-000-000,208  SAN VINCENTE ST   PANAMA CITY BEACH 32413,"['1309', '6771', '6240']"
33379-000-000,204  SAN VINCENTE ST   PANAMA CITY BEACH 32413,['2011856']
33380-010-000,132  SAN VINCENTE ST   PANAMA CITY BEACH 32413,"['7613', '9800882']"
33380-020-000,130 B  SAN VINCENTE ST   PANAMA CITY BEACH 32413,['200410']
33388-000-000,110  HWY 79    PANAMA CITY BEACH 32413,"['5074', '6755']"
33390-000-000,17007  PC BCH PKWY   PANAMA CITY BEACH 32413,"['201801928', '2011397', '0011', '9802493', '7580']"
33392-000-000,123  SAN VINCENTE ST   PANAMA CITY BEACH 32413,"['11-1432', '042010']"
33392-020-000,17179  FIRENZO AVE   PANAMA CITY BEACH 32413,"['201903208', '201902052']"
33420-000-000,220  ARNOLD RD S  PANAMA CITY BEACH 32413,"['201803565', '16-1549', '6120', '6022', '5058']"
33422-000-000,230  ARNOLD RD S  PANAMA CITY BEACH 32413,"['2011816', '2010720', '9600818', '6394']"
33422-030-000,240  ARNOLD RD S  PANAMA CITY BEACH 32413,['2005744']
32739-020-030,100  PIER PARK DR S  PANAMA CITY BEACH 32413,"['201903597', '201903080', '16-0220', '15-1468', '15-1101', '15-0930', '15-0863', '15-0626', '15-0553', '15-0318']"
32739-030-010,14700  PC BCH PKWY   PANAMA CITY BEACH 32413,"['201903331', '16-1573', '16-0394', '15-1621', '1402']"
32739-030-040,15400  PC BCH PKWY   PANAMA CITY BEACH 32413,['15-0911']
32740-050-100,15620  PC BCH PKWY   PANAMA CITY BEACH 32413,"['201900048', '18-2169', '17-0003', '16-0362', '15-0650', '14-2208', '14-2316', '14-2289', '14-1378', '14-0926', '14-634', '14-643', '14-486', '14-457', '14-458', '14-443', '14-435', '14-436', '14-118', '13-2273', '13-2073', '14-029', '13-1343', '13-1662', '13-1613', '13-1614', '13-1615', '13-1616', '13-1532', '13-1535', '13-1537', '13-530', '13-1458', '13-1443', '13-1431', '13-726', '13-869', '13-810', '12-742', '13-119']"
32742-000-000,555  ARNOLD RD N  PANAMA CITY BEACH 32413,['202002280']
32743-000-000,511  ARNOLD RD N  PANAMA CITY BEACH 32413,"['200498', '2053']"
33750-030-000,801  PIER PARK RD S  PANAMA CITY BEACH 32413,"['202000600', '202000111', '201904018', '201902805', '201802278', '18-2008', '18-0569', '17-0913', '16-0541', '16-0524', '16-0480', '15-2178', '14-018', '13-2283', '2013-635', '12-843', '12-403', '11-1502', '20101213', '20091594', '20091517', '201045', '20091594', '2009191', '200998', '200934', '20082589', '20082587', '20082578', '20082386', '20082314', '20082247', '20081498', '20081627', '20081481', '20081482', '20081483', '20081444', '2008122', '20081104', '20081107', '20081114', '20081061', '2008900', '2008849', '2008852', '2008830', '2008678', '2008343', '2008182', '20072383', '20072330', '20072118', '20072062', '20072035', '20071940', '07-1816', '07-1715', '07-1709', '07-1374', '07-1173', '2007-661']"
33750-040-000,  PIER PARK DR S  PANAMA CITY BEACH 32413,"['202000978', '202000999', '16-2139', '16-1753', '16-0694', '16-0660', '15-0348', '16-0013', '14-0935', '12-554', '2011642', '201116', '20101257', '2010885', '2010885', '2010309', '201046', '2009835', '2009836', '2009734', '2009734', '20082648', '20082638', '20081624', '20081466', '20081320', '20081281', '20081109', '2008848', '2008850', '2008615', '2008530', '2008256', '2008257', '200896', '200829', '20086', '20072462', '20072473', '20072474', '20072475', '20072420', '20072393', '20072381', '20072382', '20072348', '20072318', '20072318', '20072303', '20072275', '20072253', '20072114', '20072115', '20072116', '20072117', '20072092', '20072093', '20071937', '07-1779', '07-1418']"
33750-050-010,500  PIER PARK DR S  PANAMA CITY BEACH 32413,['201802605']
33750-070-000,101  BLUEFISH DR   PANAMA CITY BEACH 32413,"['202001905', '201901983', '201900586', '18-2475', '18-2474', '18-2478', '18-2323', '18-2092', '18-0161', '17-1667', '17-0686', '16-2148', '16-1988', '16-1971', '16-0847', '16-0644', '15-1912', '15-1420', '15-1380', '15-1366', '15-1062', '15-0781', '14-2313', '14-2315', '14-476', '14-1635', '14-1428', '13-2131', '13-2123', '13-1635', '13-1588', '13-219', '12-1807', '12-1114', '12-1110', '12-977', '20111259', '20111496', '20111582', '1589', '1582', '11-1496', '1995', '2011336', '20101313', '2010980', '2010980', '2010718', '2010456', '2010437', '2010362', '201078', '20106', '20091595', '20091328', '20091328', '20091037', '20091035', '20091036', '20091037', '20091037', '2009907', '2009481', '2009386', '2009342', '2009157', '2009107', '200933', '200935', '200911', '20096', '20082593', '20082389', '20082385', '20082332', '20082015', '20082059', '20082060', '20081782', '20081718', '20081719', '20081720', '20081692', '20081662', '20081626', '20081631', '20081105', '20081060', '20081072', '20081003', '20081005', '2008984', '2008898', '2008899', '2008825', '2008827', '2008763', '2008767', '2008709', '2008675', '2008676', '2008565', '2008561', '2008561', '2008543', '2008544', '2008481', '2008452', '2008441', '2008446', '2008418', '2008392', '2008393', '2008366', '2008294', '2008291', '2008211', '2008193', '200873', '200849', '200833', '20072497', '20072259', '20072480', '20072463', '20072300', '20072276', '20072239', '20072231', '07-1815', '07-1774', '07-1578', '07-1457', '07-1357', '07-1359', '07-1172', '07-1105', '2007-931', '2007-890']"
33750-090-000,  PIER PARK DRV S  PANAMA CITY BEACH 32413,"['201904443', '201900759', '17-0250', '16-1345', '15-1900', '15-0175', '13-2301', '12-1736', '2011714', '2011445', '2011445', '20081850', '20081388', '20081278', '20081279', '20081280', '2008936', '2008851', '2008800', '2008614', '2008616', '2008560', '200826', '200827', '200828', '20072500', '20072477', '20072440', '20072319', '07-1772', '07-1467', '07-1372', '07-1373']"
33750-140-000,15555  STARFISH ST   PANAMA CITY BEACH 32413,"['202001368', '19-00308', '13-280', '11-1033']"
33750-180-000,15701  PC BCH PKWY   PANAMA CITY BEACH 32413,['14-1803']
33750-230-000,15533  PANAMA CITY BEACH PKWY   PANAMA CITY BEACH 32413,['14-1974']
33750-250-020,15350  PANAMA CITY BEACH PKWY   PANAMA CITY BEACH 32413,"['201802920', '201801524', '201800438']"
33750-250-120,15485  PANAMA CITY BEACH PKWY   PANAMA CITY BEACH 32413,['13-2272']
33750-250-130,15463  PANAMA CITY BEACH PKWY   PANAMA CITY BEACH 32413,"['17-0663', '17-0525', '17-0463', '17-0380', '17-0380', '16-2110', '14-0925']"
33751-010-000,15801  FRONT BEACH RD   PANAMA CITY BEACH 32413,"['201901067', '201802692', '20101273', '99-00152', '9801974', '6354']"
33751-060-000,502  PIER PARK DR S  PANAMA CITY BEACH 32413,"['12-1041', '93-6196']"
33753-000-000,16101  FRONT BEACH RD  A-H PANAMA CITY BEACH 32413,['202000662']
33753-010-000,16050  FRONT BEACH RD   PANAMA CITY BEACH 32413,['0994']
33754-000-000,15812  FRONT BEACH RD   PANAMA CITY BEACH 32413,"['202000713', '2004352', '824', '0649', '5989', '93-6148', '936025', '925749']"
33757-000-000,15811  FRONT BEACH RD   PANAMA CITY BEACH 32413,"['16-1984', '42305', '2062', '1073', '9801976', '9601492', '6585', '9510887', '6353', '5001', '925512', '5317']"
33761-000-000,284  POWELL ADAMS RD   PANAMA CITY BEACH 32413,"['201902129', '19-00300', '18-0177', '18-1345', '18-0941', '18-0845', '18-0582', '14-2119', '14-1277', '14-1214', '14-1125', '14-0966', '14-761', '14-597', '14-141', '13-2380']"
33762-000-000,292  POWELL ADAMS RD   PANAMA CITY BEACH 32413,"['17-2236', '2010525', '925839']"
33764-000-000,15628  FRONT BEACH RD   PANAMA CITY BEACH 32413,"['2000', '9800168', '7049', '5615', '5051']"
33765-010-000,15636  FRONT BEACH RD   PANAMA CITY BEACH 32413,"['17-0313', '7387', '9501284', '5002', '925518', '915436']"
33766-000-000,15726  FRONT BEACH RD   PANAMA CITY BEACH 32413,"['19-0445', '12-1164', '12-303', '2012242', '9802367', '7549', '7179', '6722', '5810', '5750', '4944']"
33768-001-000,15201  FRONT BEACH RD   PANAMA CITY BEACH 32413,"['18-0313', '16-1132', '13-2367', '12-1697', '12-1115', '2010445', '2006150', '42368', '1741', '137', '081', '1050', '9802559', '9802311', '9802231', '9801263', '9801264', '9801265', '9801266', '9701931', '9701770', '97', '9601597', '6892', '6517', '5772', '5658', '93-6261', '5050', '4983']"
33768-003-000,15400  FRONT BEACH RD   PANAMA CITY BEACH 32413,"['201902015', '20190216', '16-1552', '16-0969', '16-0867', '14-1796', '2011882', '2011746']"
33772-000-000,15325  FRONT BEACH RD   PANAMA CITY BEACH 32413,"['202000704', '19-00025', '308', '1063', '1945', '9700732', '7522', '6551']"
33774-000-000,15328  FRONT BEACH RD   PANAMA CITY BEACH 32413,"['14-01496', '03-01875', '0998', '6956']"
33775-000-000,15328  FRONT BEACH RD   PANAMA CITY BEACH 32413,"['4962', '5062', '9601751']"
33778-000-000,15614  FRONT BEACH RD   PANAMA CITY BEACH 32413,"['2009874', '2009116', '2007-681', '2306', '9801335', '9700666', '5781', '936022', '5162']"
33778-010-000,15612  FRONT BEACH RD   PANAMA CITY BEACH 32413,"['16-1360', '16-0981', '0857', '925834']"
33778-100-000,15617  FRONT BEACH RD   PANAMA CITY BEACH 32413,"['6205', '6134', '9700182', '9802678']"
33780-000-000,550  2ND AVE   PANAMA CITY BEACH 32413,"['18-0305', '18-0305', 'RF759', '5604']"
33782-000-000,15525  FRONT BEACH RD   PANAMA CITY BEACH 32413,"['201903281', '2012161', '201117', 'RF1857', '9601221', '6358', '6359']"
33783-000-000,15518  FRONT BEACH RD   PANAMA CITY BEACH 32413,['4886']
33784-000-000,15519  FRONT BEACH RD   PANAMA CITY BEACH 32413,"['6097', '6881', '9700674', '9700821', '9700844', '9701915']"
33785-000-000,15514  FRONT BEACH RD   PANAMA CITY BEACH 32413,"['202000086', '201904466', '16-0311', '15-0271', '2011987', '5388']"
33787-020-000,15524  FRONT BEACH RD   PANAMA CITY BEACH 32413,"['202000304', '']"
33788-000-000,15505  FRONT BEACH RD   PANAMA CITY BEACH 32413,"['17-1345', '16-1083', '15-1967', '15-920', '2200', '9601284', '6910', '5161']"
33791-000-000,15412  FRONT BEACH RD   PANAMA CITY BEACH 32413,"['201900219', '15-2024', '14-0890', '13-2054', '13-1279', '13-1280', '12-1803', '12-1794', '12-1580', '2011422', '20117', '20101261', '20101245', '2010944', '2010807', '2007-891', '1020', '2614', '7681']"
33793-000-000,15405  FRONT BEACH RD   PANAMA CITY BEACH 32413,"['18-0208', '17-2616', '17-0611', '2012185', '1584', '11-1222', '11-1183', '2009257', '200961', '041805', '2121', '2090', '9700060', '9601670', '7556', '6594', '5745', '5286']"
33794-000-000,15406  FRONT BEACH RD   PANAMA CITY BEACH 32413,"['20200035', '11-1165', '9800222']"
33797-000-000,15402  FRONT BEACH RD   PANAMA CITY BEACH 32413,['1398']
33797-010-000,15400  FRONT BEACH RD   PANAMA CITY BEACH 32413,"['1397', '0396', '7708', '6724']"
